path_index,k1_wang,k2_wang,k_distance
0.0,0.3333333333333333,0.6666666666666666,0.0
1.0,0.33663366336633666,0.6633663366336634,0.00030601088385179796
2.0,0.3399339933993399,0.66006600660066,0.0006120217677036011
3.0,0.3432343234323432,0.6567656765676567,0.0009180326515553991
4.0,0.3465346534653465,0.6534653465346535,0.0012240435354071945
5.0,0.3498349834983498,0.65016501650165,0.0015300544192590002
6.0,0.3531353135313531,0.6468646864686468,0.0018360653031107956
7.0,0.3564356435643564,0.6435643564356435,0.0021420761869625988
8.0,0.35973597359735976,0.6402640264026402,0.0024480870708143967
9.0,0.36303630363036304,0.636963696369637,0.002754097954666192
10.0,0.36633663366336633,0.6336633663366336,0.003060108838517998
11.0,0.3696369636963696,0.6303630363036303,0.003366119722369793
12.0,0.3729372937293729,0.6270627062706271,0.0036721306062215886
13.0,0.3762376237623762,0.6237623762376237,0.003978141490073394
14.0,0.3795379537953795,0.6204620462046204,0.004284152373925192
15.0,0.3828382838283828,0.6171617161716172,0.004590163257776988
16.0,0.3861386138613861,0.6138613861386137,0.004896174141628793
17.0,0.3894389438943894,0.6105610561056105,0.005202185025480589
18.0,0.3927392739273927,0.6072607260726073,0.005508195909332387
19.0,0.39603960396039606,0.6039603960396039,0.00581420679318419
20.0,0.39933993399339934,0.6006600660066007,0.006120217677035985
21.0,0.40264026402640263,0.5973597359735973,0.006426228560887791
22.0,0.4059405940594059,0.594059405940594,0.006732239444739586
23.0,0.40924092409240925,0.5907590759075908,0.007038250328591384
24.0,0.4125412541254125,0.5874587458745874,0.0073442612124431875
25.0,0.4158415841584158,0.5841584158415841,0.0076502720962949855
26.0,0.4191419141914191,0.5808580858085809,0.007956282980146782
27.0,0.42244224422442245,0.5775577557755776,0.008262293863998585
28.0,0.42574257425742573,0.5742574257425742,0.008568304747850385
29.0,0.429042904290429,0.5709570957095709,0.008874315631702184
30.0,0.4323432343234323,0.5676567656765676,0.00918032651555398
31.0,0.4356435643564356,0.5643564356435643,0.00948633739940578
32.0,0.4389438943894389,0.561056105610561,0.009792348283257583
33.0,0.4422442244224422,0.5577557755775577,0.01009835916710938
34.0,0.4455445544554455,0.5544554455445544,0.01040437005096118
35.0,0.44884488448844884,0.5511551155115512,0.010710380934812977
36.0,0.4521452145214521,0.5478547854785478,0.011016391818664777
37.0,0.4554455445544554,0.5445544554455446,0.011322402702516573
38.0,0.45874587458745875,0.5412541254125413,0.011628413586368376
39.0,0.46204620462046203,0.5379537953795379,0.011934424470220176
40.0,0.4653465346534653,0.5346534653465347,0.012240435354071972
41.0,0.46864686468646866,0.5313531353135313,0.012546446237923775
42.0,0.47194719471947194,0.5280528052805281,0.012852457121775572
43.0,0.4752475247524752,0.5247524752475248,0.013158468005627371
44.0,0.4785478547854785,0.5214521452145214,0.013464478889479171
45.0,0.48184818481848185,0.5181518151815182,0.013770489773330969
46.0,0.48514851485148514,0.5148514851485149,0.014076500657182769
47.0,0.4884488448844884,0.5115511551155115,0.014382511541034568
48.0,0.4917491749174917,0.5082508250825082,0.014688522424886368
49.0,0.49504950495049505,0.504950495049505,0.014994533308738166
50.0,0.49834983498349833,0.5016501650165016,0.015300544192589966
51.0,0.5016501650165016,0.49834983498349833,0.015606555076441764
52.0,0.504950495049505,0.49504950495049505,0.015912565960293563
53.0,0.5082508250825082,0.4917491749174917,0.016218576844145363
54.0,0.5115511551155115,0.4884488448844884,0.016524587727997163
55.0,0.5148514851485149,0.48514851485148514,0.016830598611848963
56.0,0.5181518151815181,0.4818481848184818,0.017136609495700762
57.0,0.5214521452145214,0.47854785478547857,0.017442620379552562
58.0,0.5247524752475248,0.4752475247524752,0.017748631263404365
59.0,0.528052805280528,0.47194719471947194,0.01805464214725616
60.0,0.5313531353135313,0.46864686468646866,0.01836065303110796
61.0,0.5346534653465347,0.4653465346534653,0.018666663914959764
62.0,0.5379537953795379,0.46204620462046203,0.01897267479881156
63.0,0.5412541254125413,0.45874587458745875,0.01927868568266336
64.0,0.5445544554455446,0.4554455445544554,0.019584696566515163
65.0,0.5478547854785478,0.4521452145214521,0.01989070745036696
66.0,0.5511551155115512,0.44884488448844884,0.02019671833421876
67.0,0.5544554455445545,0.4455445544554455,0.020502729218070562
68.0,0.5577557755775577,0.4422442244224422,0.02080874010192236
69.0,0.5610561056105611,0.4389438943894389,0.02111475098577416
70.0,0.5643564356435643,0.43564356435643564,0.021420761869625955
71.0,0.5676567656765676,0.43234323432343236,0.021726772753477754
72.0,0.570957095709571,0.429042904290429,0.022032783637329557
73.0,0.5742574257425742,0.42574257425742573,0.022338794521181354
74.0,0.5775577557755776,0.42244224422442245,0.022644805405033153
75.0,0.5808580858085809,0.4191419141914191,0.022950816288884957
76.0,0.5841584158415841,0.4158415841584158,0.023256827172736753
77.0,0.5874587458745874,0.4125412541254125,0.02356283805658855
78.0,0.5907590759075908,0.4092409240924092,0.023868848940440356
79.0,0.594059405940594,0.4059405940594059,0.024174859824292152
80.0,0.5973597359735973,0.4026402640264026,0.024480870708143948
81.0,0.6006600660066007,0.3993399339933993,0.024786881591995755
82.0,0.6039603960396039,0.396039603960396,0.02509289247584755
83.0,0.6072607260726073,0.3927392739273927,0.02539890335969935
84.0,0.6105610561056105,0.38943894389438943,0.025704914243551147
85.0,0.6138613861386137,0.3861386138613861,0.026010925127402947
86.0,0.6171617161716172,0.3828382838283828,0.026316936011254753
87.0,0.6204620462046204,0.3795379537953795,0.02662294689510655
88.0,0.6237623762376237,0.3762376237623762,0.026928957778958346
89.0,0.6270627062706271,0.3729372937293729,0.027234968662810152
90.0,0.6303630363036303,0.3696369636963696,0.02754097954666195
91.0,0.6336633663366336,0.3663366336633663,0.027846990430513745
92.0,0.636963696369637,0.36303630363036304,0.028153001314365548
93.0,0.6402640264026402,0.3597359735973597,0.028459012198217344
94.0,0.6435643564356435,0.35643564356435636,0.028765023082069144
95.0,0.6468646864686468,0.35313531353135313,0.029071033965920944
96.0,0.65016501650165,0.3498349834983498,0.029377044849772743
97.0,0.6534653465346535,0.34653465346534656,0.029683055733624546
98.0,0.6567656765676567,0.3432343234323432,0.029989066617476343
99.0,0.66006600660066,0.3399339933993399,0.030295077501328142
100.0,0.6633663366336634,0.33663366336633666,0.030601088385179945
101.0,0.6666666666666666,0.3333333333333333,0.03090709926903174
102.0,0.6609848484848485,0.3333333333333333,0.031211262145443886
103.0,0.6553030303030303,0.3333333333333333,0.03151542502185604
104.0,0.6496212121212122,0.3333333333333333,0.03181958789826818
105.0,0.6439393939393939,0.3333333333333333,0.032123750774680326
106.0,0.6382575757575758,0.3333333333333333,0.03242791365109247
107.0,0.6325757575757576,0.3333333333333333,0.032732076527504615
108.0,0.6268939393939393,0.33333333333333326,0.03303623940391676
109.0,0.6212121212121211,0.33333333333333326,0.03334040228032891
110.0,0.615530303030303,0.33333333333333326,0.03364456515674105
111.0,0.6098484848484848,0.33333333333333326,0.0339487280331532
112.0,0.6041666666666666,0.3333333333333333,0.03425289090956535
113.0,0.5984848484848484,0.3333333333333333,0.034557053785977496
114.0,0.5928030303030303,0.3333333333333333,0.03486121666238964
115.0,0.587121212121212,0.3333333333333333,0.035165379538801785
116.0,0.5814393939393939,0.3333333333333333,0.035469542415213925
117.0,0.5757575757575757,0.3333333333333333,0.03577370529162607
118.0,0.5700757575757576,0.3333333333333333,0.036077868168038214
119.0,0.5643939393939393,0.3333333333333333,0.03638203104445036
120.0,0.5587121212121212,0.3333333333333333,0.0366861939208625
121.0,0.553030303030303,0.3333333333333333,0.03699035679727465
122.0,0.5473484848484849,0.3333333333333333,0.03729451967368679
123.0,0.5416666666666666,0.3333333333333333,0.03759868255009894
124.0,0.5359848484848485,0.3333333333333333,0.03790284542651108
125.0,0.5303030303030303,0.3333333333333333,0.03820700830292323
126.0,0.524621212121212,0.33333333333333326,0.03851117117933538
127.0,0.5189393939393939,0.33333333333333337,0.038815334055747525
128.0,0.5132575757575757,0.33333333333333326,0.03911949693215967
129.0,0.5075757575757576,0.33333333333333337,0.03942365980857182
130.0,0.5018939393939393,0.33333333333333326,0.03972782268498397
131.0,0.49621212121212127,0.33333333333333337,0.04003198556139611
132.0,0.490530303030303,0.3333333333333333,0.04033614843780826
133.0,0.4848484848484848,0.3333333333333333,0.040640311314220405
134.0,0.47916666666666663,0.3333333333333333,0.04094447419063255
135.0,0.47348484848484845,0.3333333333333333,0.0412486370670447
136.0,0.4678030303030303,0.3333333333333333,0.04155279994345685
137.0,0.46212121212121204,0.33333333333333326,0.041856962819869
138.0,0.4564393939393939,0.3333333333333333,0.042161125696281145
139.0,0.4507575757575757,0.33333333333333326,0.04246528857269329
140.0,0.44507575757575757,0.3333333333333333,0.04276945144910544
141.0,0.43939393939393934,0.33333333333333326,0.04307361432551759
142.0,0.4337121212121212,0.3333333333333333,0.043377777201929736
143.0,0.428030303030303,0.3333333333333333,0.043681940078341884
144.0,0.4223484848484848,0.3333333333333333,0.04398610295475403
145.0,0.41666666666666663,0.3333333333333333,0.04429026583116618
146.0,0.41098484848484845,0.3333333333333333,0.04459442870757833
147.0,0.4053030303030303,0.3333333333333333,0.044898591583990476
148.0,0.3996212121212121,0.3333333333333333,0.045202754460402624
149.0,0.3939393939393939,0.3333333333333333,0.04550691733681477
150.0,0.38825757575757575,0.3333333333333333,0.04581108021322692
151.0,0.38257575757575757,0.3333333333333333,0.04611524308963907
152.0,0.37689393939393934,0.3333333333333333,0.046419405966051215
153.0,0.3712121212121212,0.3333333333333333,0.046723568842463356
154.0,0.365530303030303,0.3333333333333333,0.047027731718875504
155.0,0.35984848484848486,0.3333333333333333,0.047331894595287645
156.0,0.35416666666666663,0.3333333333333333,0.04763605747169979
157.0,0.3484848484848485,0.3333333333333333,0.047940220348111934
158.0,0.3428030303030303,0.3333333333333333,0.04824438322452408
159.0,0.33712121212121215,0.3333333333333333,0.04854854610093622
160.0,0.3314393939393939,0.3333333333333333,0.04885270897734837
161.0,0.3257575757575758,0.3333333333333333,0.04915687185376051
162.0,0.32007575757575757,0.3333333333333333,0.04946103473017266
163.0,0.31439393939393934,0.3333333333333333,0.04976519760658481
164.0,0.3087121212121212,0.3333333333333333,0.05006936048299695
165.0,0.303030303030303,0.3333333333333333,0.050373523359409096
166.0,0.29734848484848486,0.3333333333333333,0.05067768623582124
167.0,0.29166666666666663,0.3333333333333333,0.050981849112233385
168.0,0.2859848484848485,0.3333333333333333,0.051286011988645526
169.0,0.2803030303030303,0.3333333333333333,0.051590174865057674
170.0,0.27462121212121215,0.3333333333333333,0.051894337741469815
171.0,0.2689393939393939,0.3333333333333333,0.05219850061788196
172.0,0.2632575757575758,0.3333333333333333,0.052502663494294104
173.0,0.2575757575757575,0.3333333333333333,0.05280682637070626
174.0,0.25189393939393934,0.3333333333333333,0.053110989247118406
175.0,0.24621212121212116,0.3333333333333333,0.053415152123530554
176.0,0.24053030303030298,0.3333333333333333,0.0537193149999427
177.0,0.2348484848484848,0.3333333333333333,0.05402347787635485
178.0,0.22916666666666663,0.3333333333333333,0.054327640752767
179.0,0.22348484848484845,0.3333333333333333,0.054631803629179146
180.0,0.21780303030303028,0.3333333333333333,0.054935966505591294
181.0,0.2121212121212121,0.3333333333333333,0.05524012938200344
182.0,0.20643939393939392,0.3333333333333333,0.05554429225841559
183.0,0.20075757575757575,0.3333333333333333,0.05584845513482774
184.0,0.19507575757575754,0.3333333333333333,0.056152618011239885
185.0,0.18939393939393936,0.3333333333333333,0.05645678088765203
186.0,0.1837121212121212,0.3333333333333333,0.05676094376406418
187.0,0.178030303030303,0.3333333333333333,0.05706510664047633
188.0,0.17234848484848483,0.3333333333333333,0.05736926951688848
189.0,0.16666666666666666,0.3333333333333333,0.057673432393300625
190.0,0.1633986928104575,0.326797385620915,0.057976443170448
191.0,0.16013071895424835,0.3202614379084967,0.058279453947595365
192.0,0.1568627450980392,0.3137254901960784,0.05858246472474273
193.0,0.15359477124183007,0.30718954248366015,0.0588854755018901
194.0,0.1503267973856209,0.3006535947712418,0.05918848627903747
195.0,0.14705882352941174,0.2941176470588235,0.059491497056184846
196.0,0.1437908496732026,0.2875816993464052,0.05979450783333221
197.0,0.14052287581699346,0.28104575163398693,0.06009751861047958
198.0,0.1372549019607843,0.2745098039215686,0.06040052938762695
199.0,0.13398692810457516,0.2679738562091503,0.06070354016477432
200.0,0.130718954248366,0.261437908496732,0.06100655094192169
201.0,0.12745098039215685,0.2549019607843137,0.06130956171906906
202.0,0.12418300653594772,0.24836601307189543,0.061612572496216426
203.0,0.12091503267973855,0.2418300653594771,0.0619155832733638
204.0,0.1176470588235294,0.2352941176470588,0.062218594050511174
205.0,0.11437908496732026,0.22875816993464052,0.06252160482765855
206.0,0.11111111111111112,0.22222222222222224,0.06282461560480591
207.0,0.10784313725490194,0.21568627450980388,0.06312762638195328
208.0,0.1045751633986928,0.2091503267973856,0.06343063715910065
209.0,0.10130718954248366,0.20261437908496732,0.06373364793624801
210.0,0.09803921568627451,0.19607843137254902,0.06403665871339538
211.0,0.09477124183006536,0.1895424836601307,0.06433966949054275
212.0,0.09150326797385622,0.18300653594771243,0.06464268026769011
213.0,0.08823529411764705,0.1764705882352941,0.06494569104483748
214.0,0.0849673202614379,0.1699346405228758,0.06524870182198485
215.0,0.08169934640522876,0.16339869281045752,0.06555171259913221
216.0,0.0784313725490196,0.1568627450980392,0.06585472337627958
217.0,0.07516339869281044,0.15032679738562088,0.06615773415342695
218.0,0.0718954248366013,0.1437908496732026,0.06646074493057431
219.0,0.06862745098039215,0.1372549019607843,0.06676375570772168
220.0,0.06535947712418301,0.13071895424836602,0.06706676648486905
221.0,0.06209150326797386,0.12418300653594772,0.06736977726201641
222.0,0.0588235294117647,0.1176470588235294,0.06767278803916378
223.0,0.05555555555555556,0.11111111111111112,0.06797579881631115
224.0,0.0522875816993464,0.1045751633986928,0.06827880959345851
225.0,0.04901960784313725,0.0980392156862745,0.06858182037060588
226.0,0.04575163398692811,0.09150326797385622,0.06888483114775325
227.0,0.04248366013071895,0.0849673202614379,0.06918784192490061
228.0,0.03921568627450981,0.07843137254901962,0.06949085270204798
229.0,0.03594771241830065,0.0718954248366013,0.06979386347919535
230.0,0.0326797385620915,0.065359477124183,0.07009687425634271
231.0,0.02941176470588236,0.05882352941176472,0.07039988503349008
232.0,0.0261437908496732,0.0522875816993464,0.07070289581063745
233.0,0.022875816993464044,0.04575163398692809,0.07100590658778481
234.0,0.019607843137254905,0.03921568627450981,0.07130891736493218
235.0,0.01633986928104575,0.0326797385620915,0.07161192814207955
236.0,0.01307189542483661,0.02614379084967322,0.07191493891922691
237.0,0.009803921568627453,0.019607843137254905,0.07221794969637428
238.0,0.006535947712418296,0.013071895424836591,0.07252096047352165
239.0,0.003267973856209157,0.006535947712418314,0.07282397125066901
240.0,0.0,0.0,0.07312698202781638
