band_241_meV,band_242_meV,band_243_meV,band_244_meV,band_245_meV,band_246_meV
-20.60582199588704,-16.336962668998517,-11.834993988023674,21.932210164482033,26.46753779998301,31.038719222030952
-20.634022600683767,-16.3586735031466,-11.80284881449385,21.904620640543516,26.48635776318975,31.06905198119071
-20.718929184457167,-16.421398507229593,-11.708674101884732,21.824279037433573,26.54375653345836,31.157007788623066
-20.86022952290008,-16.519427525491643,-11.558692075857309,21.697395955179786,26.638901367589746,31.297653529391596
-21.056523433640105,-16.64586244960985,-11.361343886982663,21.532440040072657,26.768830341040847,31.485864924336596
-21.305346469355,-16.794388612426705,-11.125484722638461,21.338594853835765,26.929705452925997,31.716606410323323
-21.603336783855546,-16.960268979478354,-10.859213431202647,21.124583300608172,27.117799667285247,31.985110002309444
-21.946518355243974,-17.140552287674996,-10.569372639261534,20.89803543620334,27.330015124942836,32.28698039297031
-22.330630725248298,-17.3337988658802,-10.261485777157963,20.665289733137442,27.56402005027818,32.618249001486824
-22.751430387767087,-17.539631121571553,-9.939899182365936,20.431444145760825,27.818172489951486,32.97539277681602
-23.204915799666082,-17.758300268204746,-9.607985980062315,20.20051377327894,28.091363365621245,33.355328722480955
-23.68746318009866,-17.990349805365987,-9.268344253586429,19.975612937379676,28.382853011159124,33.75539234631946
-24.195885360091754,-18.236387501528608,-8.922965615247556,19.759124105548235,28.69213243086436,34.173306489046034
-24.727436176049967,-18.496947188480828,-8.573370418875923,19.552841006784217,29.0188169648217,34.60714554211048
-25.279782443492927,-18.772414500937934,-8.220713407146045,19.35808489879138,29.36256970186868,35.05529871716061
-25.850960342756892,-19.062993943922713,-7.865865463316062,19.175797368434182,29.723048695446757,35.51643481289804
-26.439327169765686,-19.368700788886393,-7.509476826515848,19.006614103013288,30.099871917772695,35.98946991808959
-27.043514662801368,-19.689366939472926,-7.15202617373743,18.850923762080033,30.492594900119187,36.47353872676323
-27.662386887957396,-20.024654091914005,-6.793858974117271,18.708915345253416,30.900697231774377,36.9679696090662
-28.295003712375777,-20.374070288722983,-6.4352176769782705,18.580616685936203,31.323575176372938,37.47226323662803
-28.940589831878015,-20.73698767748097,-6.076265638813459,18.465926044838007,31.760538520780813,37.98607435484796
-29.59850881424112,-21.11266029343697,-5.717106203459736,18.364638262416374,32.2108104101617,38.50919618177698
-30.268241434216975,-21.50024125457563,-5.357797990212384,18.276466544732227,32.6735293851385,39.04154686021845
-30.949367560616558,-21.898799070615198,-4.99836718280897,18.20106067916101,33.14775316707968,39.58315737341381
-31.641550920776943,-22.307332935026693,-4.638817422218974,18.138022279259076,33.63246396939421,40.134160342294955
-32.34452616424117,-22.724786957017546,-4.279137767557469,18.086917520812452,34.12657526927962,40.69477914874125
-33.05808774994319,-23.15006333557224,-3.919309087494307,18.047287735967075,34.62894006935374,41.26531687554076
-33.78208027756016,-23.58203450012167,-3.559309168736556,18.018658166099407,35.13836071752197,41.84614462404
-34.51638996883744,-24.01955425297693,-3.199116771139015,18.000545127418278,35.653600338715506,42.43768887091076
-35.260937077305805,-24.461467952436628,-2.8387148153151665,17.99246180904516,36.17339586494311,43.04041766007234
-36.0156690649017,-24.906621775798005,-2.478092854672283,17.993922896943776,36.696472534356396,43.654825594614046
-36.78055443285868,-25.35387109970559,-2.117248956999035,18.004448195533246,37.22155957643038,44.28141778972611
-37.555577132412424,-25.802088032659917,-1.7561910991887197,18.023565400224406,37.74740662646249,44.92069315455288
-38.340731509821566,-26.250168131769268,-1.3949381613198997,18.05081215735079,38.272800245273025,45.57312756487692
-39.13601776097229,-26.697036333922693,-1.0335205918330033,18.085737532443414,38.796579790039345,46.239157638905475
-39.941437884020694,-27.141652130506834,-0.6719808037427578,18.12790299317947,39.31765182022721,46.91916590645464
-40.7569921258107,-27.583014015302965,-0.3103733519385611,18.17688299993783,39.83500225128588,47.61346814544452
-41.58267591963972,-28.020163237009108,0.051235066802983335,18.232265284092332,40.3477055947555,48.32230354282665
-42.41847731001099,-28.452186890949633,0.4127657562099076,18.293650882667468,40.85493083551743,49.04582813188597
-43.26437485493224,-28.878220388449677,0.7741282765029295,18.360653987390016,41.35594376529746,49.78411169441654
-44.12033598964146,-29.297449346695785,1.1352207898757198,18.43290165671174,41.850105875589,50.53713803575256
-44.986315828129456,-29.709110946149938,1.4959304755309768,18.510033430963098,42.33687017053789,51.30480828545651
-45.86225637139354,-30.112494806123905,1.8561339978437144,18.59170088344128,42.815774456541675,52.08694668191542
-46.7480860849593,-30.506943431656463,2.2156980139233684,18.677567133917204,43.286432780729754,52.883308184244484
-47.64371980288717,-30.891852286032467,2.574479709366075,18.76730634547867,43.74852572240598,53.69358722348395
-48.54905891217401,-31.266669542898985,2.932327352872463,18.86060322113131,44.20179020104225,54.517426945395
-49.46399176961065,-31.630895570158888,3.2890808621153402,18.957152512594632,44.64600937200276,55.354428389273764
-50.38839430333073,-31.984082194610217,3.6445723745111023,19.056658550552303,45.081003059924555,56.20415916791039
-51.32213075275072,-32.32583179192718,3.9986268178093884,19.15883480295906,45.50661905067977,57.066161342093025
-52.26505450355657,-32.65579624152061,4.351062476169636,19.263403465809073,45.9227254420995,57.93995830287459
-53.21700897812684,-32.97367577990971,4.701691548347198,19.370095088995395,46.32920415117524,58.825060576255964
-54.17782854625532,-33.27921778062509,5.050320695176613,19.478648238583304,46.72594559546602,59.72097054362264
-55.14733942573441,-33.57221548263019,5.396751574105484,19.588809195492548,47.112844509504896,60.62718612667658
-56.12536054712923,-33.852506684043405,5.740781359095026,19.700331689946943,47.48979682009239,61.54320352087692
-57.111704361652905,-34.11997241290787,6.0822032445054885,19.812976670114196,47.85669748401729,62.468519079491486
-58.10617757515082,-34.37453558261357,6.4208069321306445,19.926512102952533,48.21343918357859,63.40263045626242
-59.10858179500425,-34.61615963616849,6.756379100782486,20.04071280485525,48.559911775486775,64.3450371116048
-60.11871407979995,-34.8448471807489,7.088703858221677,20.155360299242464,48.89600239397143,65.29524027869621
-61.13636738400348,-35.06063861207589,7.417563175598509,20.270242698176208,49.22159611691526,66.25274247430964
-62.16133089195115,-35.263610726937124,7.7427373048003325,20.38515460468861,49.53657711236876,67.21704662636807
-63.19339023641218,-35.453875321456074,8.064005179500434,20.49989703261895,49.84083019125456,68.18765487736331
-64.23232759787035,-35.631577772727944,8.38114480103709,20.6142773403328,50.134242699158314,69.16406711054395
-65.27792168040439,-35.79689560163708,8.69393361041856,20.728109174960625,50.41670668584512,70.14577923502003
-66.32994755972311,-35.95003701527474,9.002148848276484,20.841212423511625,50.68812129535331,71.13228125609571
-67.38817639758935,-36.091239428305116,9.305567904711523,20.953413167349538,50.94839532225972,72.12305514898684
-68.45237501520984,-36.22076796344078,9.603968661296086,21.064543636455205,51.19744988118685,73.11757254745562
-69.52230531573586,-36.33891393226085,9.897129827772144,21.17444216003784,51.43522113725492,74.11529225315267
-70.59772354297132,-36.44599329850878,10.184831276218898,21.282953110083884,51.661663045213004,75.11565756753377
-71.6783793593034,-36.54234512692822,10.46685437551607,21.38992683465911,51.876750044675894,76.11809344522622
-72.76401472122186,-36.628330021420396,10.742982329108091,21.495219577891458,52.08047965883335,77.12200346610551
-73.85436252433796,-36.70432855694118,11.013000519161256,21.59869338396932,52.27287494431837,78.12676662303961
-74.94914498240017,-36.7707397099841,11.276696859936678,21.700215982690946,52.45398674094291,79.13173392343825
-76.04807169508139,-36.827979292797274,11.533862163219155,21.799660654664407,52.62389567197328,80.1362248052394
-77.15083734713708,-36.876478396587224,11.784290518274892,21.896906074741175,52.78271384878718,81.13952337246104
-78.25711896620392,-36.91668184889544,12.027779688276798,21.991836132885407,52.93058623806414,82.1408744615511
-79.36657264657558,-36.949046690196354,12.264131524772646,22.084339732512024,53.067691655060756,83.1394795578706
-80.47882962086501,-36.97404067442955,12.49315240079893,22.174310567085605,53.19424335344759,84.13449259163957
-81.59349152788758,-36.99214079778261,12.714653662574841,22.261646876842995,53.31048918947637,85.1250156540483
-82.71012468149819,-37.00383185959348,12.928452098499832,22.34625118846477,53.416711346977124,86.1100946863386
-83.82825308651172,-37.00960505865956,13.134370423219206,22.428030041782065,53.513225618340805,87.08871520545544
-84.94734987015708,-37.0099566277919,13.332237773044033,22.50689370864834,53.60038024577853,88.05979813630017
-86.06682669151996,-37.00538650873612,13.521890207869623,22.582755910455937,53.67855433600254,89.02219581731985
-87.18602054735285,-36.99639706922213,13.70317121325071,22.655533541831506,53.74815586983721,89.97468822426397
-88.3041771927853,-36.98349186322821,13.875932195018926,22.725146409170463,53.80961933588243,90.91597940255365
-89.42043011652896,-36.96717443516237,14.040032957555146,22.791516993603214,53.863403023895,91.84469399013862
-90.53377361502834,-36.94794716823921,14.195342155762244,22.854570248644173,53.90998601891881,92.75937351631038
-91.64302794278164,-36.926310176881124,14.341737709937457,22.914233443246488,53.949864941096656,93.6584718253477
-92.74679368972335,-36.90276024281761,14.479107172180273,22.97043606096311,53.98355047878502,94.54034841526821
-93.84339131133089,-36.87778979419148,14.60734803285257,23.02310976564799,54.011563763736795,95.40325756935792
-94.93077988446835,-36.85188592695723,14.726367955817496,23.072188443233443,54.03443263703699,96.24532967361604
-96.00644629269964,-36.82552946764462,14.836084931936377,23.117608327877576,54.052687853269774,97.06453868413327
-97.06725147000209,-36.79919407657146,14.936427341572221,23.159308218967436,54.06685926806635,97.8586456751986
-98.10921276484964,-36.77334539073354,15.027333918384613,23.19722979323697,54.077472051231915,98.62510156787063
-99.12718838382084,-36.74844020548244,15.10875360908781,23.231318013597782,54.0850429638852,99.36088032657376
-100.1144058866747,-36.72492569440726,15.18064532608308,23.26152163333496,54.09007673406954,100.06219321002291
-101.06173002195106,-36.703238666893434,15.242977592990476,23.28779379115383,54.09306256088936,100.72399869047064
-101.95646955359354,-36.68380486312119,15.295728085848545,23.31009268918896,54.09447077299206,101.33916413158585
-102.78032731364105,-36.66703828636099,15.338883076131275,23.328382343028853,54.094749662809896,101.89706177572911
-103.50577991410019,-36.6533405728228,15.372436784538928,23.342633389578403,54.094322513869805,102.38139238667686
-104.0903869869105,-36.64310039931888,15.396390657623733,23.35282393601127,54.093584834742714,102.76758041604486
-104.4740623662891,-36.636692929455876,15.41075258177908,23.358940430762193,54.09290180942325,103.02236648149342
-104.60391038589835,-36.634479299149824,15.415536051430525,23.360978535725845,54.092605971076416,103.11220805072693
-104.48597010258933,-36.63670432147683,15.410816943772048,23.35895573206206,54.09284857343255,103.02717347652296
-104.16405059181656,-36.643301077727074,15.396675077413663,23.35284849713487,54.0931761115339,102.79882025138029
-103.69575676234396,-36.65414133558966,15.37313622843582,23.342606727012,54.09296314897688,102.47112289364904
-103.12635963915514,-36.6690831696403,15.340229291350122,23.328190998199105,54.09155320650187,102.08045773527859
-102.48472180539336,-36.68797144805603,15.297985987076173,23.309572466836965,54.08826183250204,101.65165011880272
-101.78922506998731,-36.710638345398465,15.246440598084847,23.286732689917507,54.08238019846462,101.20057537520672
-101.05230642992814,-36.73690387901097,15.185629728692644,23.25966337981795,54.073179235719074,100.73734343127119
-100.28290388332695,-36.76657646670554,15.115592088651939,23.228366103313892,54.059914320575466,100.268526266335
-99.4877326436655,-36.799453503352765,15.036368298715207,23.192851936078913,54.04183050356334,99.79851127041226
-98.67199172436344,-36.83532195430156,14.948000717449853,23.15314108293323,54.018168264577625,99.3302948325881
-97.83978963181481,-36.87395896344629,14.850533289364693,23.109262473282552,53.98816975957964,98.86594873893338
-96.99442186340178,-36.91513247418938,14.744011415037276,23.061253340173437,53.95108550618863,98.40689874249523
-96.13856316034415,-36.9586018614068,14.628481844846597,23.009158790147705,53.9061814358825,97.95409443423739
-95.27440648544513,-37.00411857306796,14.503992598433701,22.953031370064252,53.852746219753435,97.50811521771567
-94.40376639630647,-37.05142678001072,14.370592912826032,22.89293063561033,53.79009875462337,97.06923824342172
-93.52815744107264,-37.10026403297199,14.228333222523638,22.828922725404478,53.71759567724522,96.63748368881315
-92.64885444301181,-37.15036192584638,14.077265175373787,22.761079943291904,53.63463875837467,96.21264689234651
-91.76693935689225,-37.201446764726285,13.917441688287733,22.68948035073173,53.540682016477085,95.79432346316376
-90.8833380143119,-37.25324024224467,13.748917046901365,22.614207370254864,53.43523838459106,95.38193145545085
-89.9988491689568,-37.30546011730106,13.571747053449737,22.535349400485433,53.31788576428798,94.97473339145814
-89.11416762521581,-37.357820900230486,13.385989226737607,22.45299944268873,53.188272308377854,94.5718599870906
-88.22990278624268,-37.4100345440212,13.191703058016122,22.367254738514948,53.04612078979423,94.17233668019684
-87.34659363209106,-37.46181114227591,12.988950326042863,22.27821641850337,52.89123193695505,93.77511337889356
-86.46472089844544,-37.51285963499335,12.77779547411711,22.18598916083719,52.72348664560421,93.37909719531635
-85.58471704753856,-37.56288852356594,12.55830605134575,22.090680859940353,52.54284701172684,92.9831873171674
-84.70697448814877,-37.61160659653183,12.330553219625415,21.992402304749646,52.34935616809105,92.58631063953413
-83.83185239989167,-37.658723668186106,12.094612327203006,21.89126686669709,52.1431369456815,92.18745639647601
-82.95968243915605,-37.70395133214717,11.850563548873907,21.78739019788261,51.92438941884122,91.78570785925504
-82.09077354470895,-37.747003732542034,11.598492592061616,21.68088994019176,51.69338742687694,91.38026924757068
-81.22541601504226,-37.787598355670525,11.338491467362914,21.571885446610246,51.45047419356002,90.97048633222387
-80.36388499377658,-37.82545684532603,11.070659321291375,21.46049751637638,51.19605718789227,90.55585974566964
-79.50644347189406,-37.86030584534836,10.795103328288558,21.346848146041122,50.93060238382878,90.13605067335287
-78.65334489341203,-37.89187787335958,10.511939638423982,21.231060298908883,50.654628083575766,89.71087926429271
-77.80483543410404,-37.91991222979134,10.221294376632903,21.113257695670278,50.368698468295854,89.28031667107149
-76.96115600889517,-37.944155947037515,9.923304688776955,20.99356462942908,50.07341703308251,88.84447203164198
-76.12254405258432,-37.96436478361709,9.618119829555186,20.872105808534673,49.76942005049289,88.40357590479907
-75.28923510951348,-37.98030426887568,9.305902286852866,20.749006230874947,49.45737019055468,87.95796167611772
-74.46146426049502,-37.991750804083075,8.986828937062727,20.624391093446558,49.13795040591712,87.50804630109552
-73.63946740912553,-37.99849282620099,8.661092225810819,20.4983857410525,48.81185817053249,87.05431150258916
-72.82348244460925,-38.00033204110018,8.328901368531954,20.37111565805602,48.47980013967925,86.59728624662543
-72.0137502937311,-37.99708473341621,7.99048356563739,20.242706506897793,48.14248727937714,86.13753103094157
-71.21051587096953,-37.98858316057882,7.646085227113925,20.11328421716115,47.80063049530058,85.67562426527874
-70.4140289323793,-37.974677039000014,7.295973201868605,19.982975128413223,47.454936774981554,85.21215081874391
-69.62454483604625,-37.9552351306968,6.940436007453664,19.85190619002463,47.1061058435729,84.74769266118996
-68.84232520922832,-37.930146938706415,6.5797850561727556,19.720205220526097,46.75482732190196,84.28282142891767
-68.06763852014024,-37.89932451980625,6.214355874061568,19.588001228633082,46.40177836672242,83.81809269089298
-67.30076055009438,-37.862704422721514,5.844509309365164,19.455424797475835,46.04762176618868,83.35404167088247
-66.54197476006395,-37.82024975958772,5.470632727407405,19.322608532760334,45.693004458785424,82.89118018227317
-65.79157254412073,-37.77195241738022,5.093141188645095,19.189687574906973,45.33855644090703,82.42999454910633
-65.04985336096478,-37.71783541469614,4.712478606250972,19.056800174083378,44.98489002659978,81.97094431109463
-64.31712473394602,-37.65795540697744,4.329118878970352,18.924088326193118,44.632599422553085,81.51446153851205
-63.59370210948777,-37.592405340473334,3.943566993571202,18.79169846648375,44.28226058192241,81.06095061092422
-62.87990856379218,-37.521317251032876,3.5563600894483143,18.659782216333827,43.93443130190131,80.61078834016554
-62.17607434848947,-37.44486519881556,3.1680684753289854,18.52849717710602,43.58965153166348,80.16432434186221
-61.48253626703422,-37.363268323100634,2.7792965844317137,18.398007763502324,43.248443859663794,79.72188158023577
-60.79963687571496,-37.27679399343111,2.390683850184351,18.26848606699406,42.91131415180065,79.28375702826484
-60.12772350604292,-37.1857610228373,2.002905478780142,18.140112738121747,42.57875231462862,78.85022239970866
-59.46714710885385,-37.09054289717495,1.616673088206858,18.01307787425498,42.25123316084284,78.42152492092391
-58.81826092518657,-36.991570960120875,1.2327351751222195,17.8875818973941,41.929217357007666,77.99788811977686
-58.18141899413692,-36.88933747757418,0.8518773615818982,17.76383640420804,41.61315243666591,77.57951261606694
-57.55697451417202,-36.784398486794586,0.4749223628127867,17.642064968196937,41.30347386470427,77.16657690354963
-56.94527808083618,-36.677376316271,0.10272960544370568,17.52250387138677,41.000606141822054,76.75923811785304
-56.34667583078024,-36.56896164170006,-0.26380558704129514,17.405402740594752,40.704963940644774,76.35763278762555
-55.76150752885561,-36.45991492265709,-0.6237533376635095,17.291025060869163,40.41695326757582,75.96187756866492
-55.19010464157549,-36.35106704522544,-0.9761511963834664,17.17964853651176,40.13697264685217,75.57206996218724
-54.632788445850224,-36.24331897863148,-1.3200068764015072,17.071565267879333,39.86541432538223,75.18828901956249
-54.089868226561855,-36.13764024169245,-1.654301872357373,16.96708171060201,39.602665498759244,74.81059603637888
-53.56163961945063,-36.03506596911414,-1.977996088798416,16.866518382270623,39.3491095602056,74.43903523900376
-53.048383156961066,-35.93669237133697,-2.2900336021854195,16.770209280995697,39.105127375362514,74.0736344669367
-52.55036307415496,-35.84367039696029,-2.5893496651529486,16.678500979983443,38.87109858619882,73.71440585407089
-52.067826429070756,-35.75719743665101,-2.874879034881969,16.591751363021984,38.647402947532754,73.36134651175665
-51.601002588168846,-35.678506953285975,-3.145565666552326,16.510327967566273,38.434421698895456,73.01443921634298
-51.150103122244836,-35.60885598649791,-3.4003737559793876,16.434605904898955,38.232538973403294,72.67365310335651
-50.7153221532133,-35.54951055999417,-3.638300042825663,16.364965331413575,38.042143243335765,72.33894437022299
-50.29683718773313,-35.501729114799495,-3.858387198553174,16.301788450825313,37.86362879949561,72.01025698902137
-49.89481047117908,-35.46674419625354,-4.059738025430974,16.24545603508284,37.697397258000414,71.68752343032783
-49.50939089626751,-35.44574272939103,-4.241530090535993,16.19634346143646,37.54385908406784,71.37066539898055
-49.14071650570631,-35.439845316648864,-4.403030321358768,16.154816275022025,37.40343511712494,71.05959458213654
-48.78891763912235,-35.450085071167905,-4.5436090072012245,16.121225300426975,37.276558075970705,70.75421340987859
-48.454120792003444,-35.4773865459348,-4.6627525959591605,16.095901342078673,37.163674015972674,70.45441582835163
-48.13645327975831,-35.522545320957995,-4.760074659242762,16.07914953156004,37.065243702884985,70.16008808519031
-47.83604883367331,-35.586208759089985,-4.83532442889109,16.071243400319997,36.98174386008495,69.87110952703851
-47.55305429822425,-35.66885833079157,-4.888392388672475,16.072418777851333,36.91366823745486,69.58735340885448
-47.28763765074673,-35.77079374135105,-4.919312533751346,16.08286763762723,36.861528441600086,69.30868771468327
-47.03999762364012,-35.89211887978663,-4.928261079310402,16.102732035524653,36.82585445869752,69.03497598983412
-46.81037527379308,-36.032729363220504,-4.915551593737261,16.13209830620196,36.807194793485785,68.76607818445505
-46.59906790772884,-36.19230119694208,-4.881626733142792,16.170991701240563,36.806116141352504,68.50185150880544
-46.40644582301473,-36.37027983902769,-4.827046942745107,16.219371666809693,36.823202506099875,68.2421513009902
-47.031593412110986,-37.0496624783123,-4.880269240520614,16.38622526710025,37.082798641226205,69.08480533971083
-47.658984592323435,-37.735615288231365,-4.937327772023016,16.56066808945959,37.34169801232018,69.90706434637448
-48.288843736234575,-38.42762878390949,-4.9979696604087565,16.742236622103583,37.59993817074857,70.70501990702365
-48.921415967895335,-39.12517736447864,-5.061959484661771,16.930475187409368,37.85757500039806,71.4741229552957
-49.556966848392676,-39.82771950409009,-5.129078149202924,17.124935193032314,38.11468274914147,72.20909500064366
-50.195781809082135,-40.534698047170124,-5.199121617555108,17.32517417053264,38.371354038520906,72.9038505149611
-50.83816526800455,-41.24554066492624,-5.271899548900327,17.530754652260793,38.627699844557,73.55144983083252
-51.48443935845721,-41.95966053577517,-5.3472338710817935,17.741242933347728,38.88384944145966,74.14411202666997
-52.13494219349113,-42.67645731563554,-5.424957318440102,17.95620776206981,39.139950298621486,74.67332788132482
-52.79002558739839,-43.395318464415574,-5.504911957969117,18.175218998032797,39.39616792006479,75.13011939086404
-53.45005215602216,-44.11562099097581,-5.586947722824172,18.397846274389718,39.652685614005634,75.50548611173484
-54.11539172332963,-44.836733669324886,-5.670920968290174,18.623657697119672,39.909704179036254,75.79104920426636
-54.78641697287185,-45.558019762203145,-5.756693061727331,18.852218611853832,40.16744149189918,75.97984572505997
-55.46349830076396,-46.278840263974644,-5.844129015153419,19.083090466227134,40.4261319806244,76.0671489917079
-56.14699785128054,-46.998557641898806,-5.93309616661526,19.31582979367316,40.6860259656049,76.05112992590456
-56.83726274676113,-47.71654001420184,-6.023462914461521,19.549987342611704,40.947388849951544,75.9331747955268
-57.53461755785672,-48.43216565591795,-6.115097507005335,19.78510737317302,41.21050013965796,75.71775879242959
-58.239356094895335,-49.14482767231755,-6.207866888846772,20.020727141602475,41.47565227317812,75.41191130706869
-58.95173263115286,-49.85393862858928,-6.301635604180542,20.256376590601484,41.7431492394894,75.02442719091708
-59.671952687628114,-50.55893487847611,-6.396264756733291,20.49157826143657,42.01330496320939,74.56502173075891
-60.40016350918842,-51.25928029902158,-6.491611025648441,20.725847441137205,42.28644143509689,74.04359125050641
-61.13644433577047,-51.95446911807132,-6.5875257363157225,20.958692554880784,42.56288656582245,73.46966514164288
-61.88079651298438,-52.64402751969499,-6.683853985234047,21.189615810241676,42.84297174047923,72.8520629338029
-62.63313338664356,-53.32751372994896,-6.780433818040012,21.418114095715357,43.12702905023705,72.19872503555138
-63.39326978077294,-54.00451632023063,-6.877095460130867,21.643680131449408,43.415388175414535,71.51666907189016
-64.16091066138576,-54.674650511407634,-6.973660599574168,21.865803864969735,43.70837289065034,70.81202560434296
-64.93563833108158,-55.337552311135376,-7.069941722661454,22.08397409937681,44.00629715597234,70.09011705489168
-65.71689716632962,-55.99287035912655,-7.16574150266038,22.297680335956997,44.30946074687454,69.35555503572756
-66.50397447341616,-56.640255380352365,-7.260852243256897,22.50641480783135,44.61814435888298,68.61234084442823
-67.29597545307966,-57.279347144683605,-7.35505537851294,22.709674676191995,44.93260409484798,67.86396079104797
-68.09178944840843,-57.909758796106985,-7.4481210320695075,22.906964356365158,45.25306520155454,67.11347254957626
-68.8900434788735,-58.53105834056768,-7.53980763895052,23.097797937754063,45.579714859278134,66.363581480671
-69.68903733532404,-59.14274696639306,-7.62986163400066,23.28170165964333,45.91269373284909,65.6167074500132
-70.48665192365286,-59.74423371662421,-7.718017211839412,23.45821640450328,46.2520858499997,64.8750435362206
-71.2802186614043,-60.3348058427668,-7.8039961638419015,23.626900171754123,46.597906156079034,64.14060852074694
-72.06633199417453,-60.913593955959826,-7.887507798444257,23.787330498088057,46.95008476325022,63.41529542066785
-72.84057904095273,-61.479530876943834,-7.968248951642761,23.939106795335437,47.308446399661435,62.70091875152254
-73.5971505285829,-62.031302915946284,-8.04590409522066,24.081852583156,47.6726827585074,61.99926387356653
-74.328290114935,-62.56729227525439,-8.120145550686816,24.21521760143231,48.0423141596452,61.31214290766645
-75.02355261222489,-63.0855095224257,-8.190633817378028,24.33887979522245,48.41663484410276,60.64146365026302
-75.66892911702946,-63.58351591759788,-8.25701802322826,24.45254717334603,48.79463276862921,59.98932123569564
-76.2461878542239,-64.05833727157487,-8.318936507049637,24.55595954910043,49.174868999759966,59.35812794513661
-76.73346405999294,-64.5063746933344,-8.376017540676125,24.648890177655506,49.55529215006786,58.75080612074181
-77.10904261834122,-64.9233240266819,-8.427880199253387,24.731147308642036,49.932947401790344,58.17108496086702
-77.35967739422472,-65.30412591072782,-8.474135386894613,24.802575673985956,50.3035151136362,57.623966458037586
-77.48997382560351,-65.64298224075695,-8.514387024244382,24.863057929271267,50.66058320699042,57.116456491696475
-77.52433087893044,-65.93348952870014,-8.548233402890784,24.912516062184164,50.99454832490661,56.65866625424031
-77.4985156289367,-66.16894676557818,-8.575268709871189,24.9509127734762,51.2911740500418,56.265255870836626
-77.4485138361985,-66.34287917616041,-8.595084723479738,24.978252825103255,51.53046458114449,55.95656194388561
-77.40384423022682,-66.44976243408715,-8.60727267883324,24.994584337051535,51.688118027505276,55.75714498451222
-77.38562937977724,-66.48583420165637,-8.611425299004816,25.000000000000615,51.74309880289166,55.68821736822292
