k1,k2,raw_link1_abs,raw_link2_abs,covariant_link1_abs,covariant_link2_abs,frame_singular1,frame_singular2,frame_singular_difference
0.0,0.0,0.9653034243637979,0.9648538198354929,0.9999993963428606,0.9999996909583624,0.9236242876016686,0.8499092486415181,0.8572543238351287
0.025,0.0,0.9653145064567128,0.964849410445381,0.9999998827933926,0.9999993089560896,0.8788153247414275,0.8704083497635275,0.8379962538115799
0.05,0.0,0.9653034243637837,0.9648538198354921,0.9999993963428607,0.9999996909583623,0.9236242876009617,0.8499092486422907,0.8572543238362603
0.075,0.0,0.965314506456658,0.9648494104453328,0.9999998827933929,0.9999993089560893,0.878815324744094,0.8704083497635718,0.8379962538104451
0.1,0.0,0.9653034243637553,0.9648538198354542,0.9999993963428608,0.9999996909583618,0.9236242875981399,0.849909248640546,0.85725432383498
0.125,0.0,0.9653145064567041,0.964849410445382,0.9999998827933927,0.9999993089560895,0.878815324742512,0.8704083497647076,0.8379962538109932
0.15,0.0,0.9653034243637614,0.9648538198355173,0.9999993963428604,0.9999996909583622,0.9236242876000532,0.849909248640664,0.857254323834802
0.175,0.0,0.9653145064566612,0.9648494104453447,0.9999998827933927,0.9999993089560896,0.8788153247452325,0.870408349762442,0.8379962538101731
0.2,0.0,0.9653034243637246,0.9648538198354741,0.9999993963428606,0.999999690958362,0.9236242875997113,0.8499092486397906,0.857254323834173
0.225,0.0,0.965314506456669,0.9648494104453283,0.9999998827933931,0.9999993089560891,0.8788153247384566,0.8704083497624949,0.8379962538105328
0.25,0.0,0.9653034243637888,0.9648538198354926,0.9999993963428605,0.9999996909583623,0.9236242876030086,0.8499092486421025,0.8572543238338385
0.275,0.0,0.9653145064567186,0.9648494104453796,0.9999998827933926,0.9999993089560896,0.8788153247402214,0.8704083497609357,0.8379962538103218
0.3,0.0,0.9653034243637774,0.9648538198354936,0.9999993963428605,0.9999996909583623,0.9236242876011547,0.8499092486387869,0.8572543238351016
0.325,0.0,0.9653145064566576,0.9648494104453357,0.9999998827933927,0.9999993089560897,0.8788153247448661,0.8704083497652657,0.8379962538093386
0.35,0.0,0.9653034243637534,0.9648538198354513,0.9999993963428608,0.9999996909583622,0.9236242875996402,0.8499092486405471,0.85725432383396
0.375,0.0,0.9653145064567064,0.9648494104453837,0.9999998827933928,0.9999993089560893,0.8788153247368544,0.8704083497629131,0.8379962538115378
0.4,0.0,0.9653034243637629,0.9648538198355187,0.9999993963428607,0.9999996909583618,0.9236242876026851,0.8499092486416707,0.8572543238344867
0.425,0.0,0.9653145064566668,0.964849410445354,0.9999998827933928,0.999999308956089,0.8788153247400744,0.8704083497634013,0.8379962538106706
0.45,0.0,0.9653034243637361,0.9648538198354831,0.9999993963428604,0.9999996909583623,0.9236242876016939,0.8499092486431066,0.8572543238358052
0.475,0.0,0.9653145064566735,0.9648494104453352,0.9999998827933927,0.9999993089560897,0.8788153247460235,0.8704083497642313,0.8379962538110541
0.5,0.0,0.9653034243638038,0.9648538198355019,0.9999993963428605,0.9999996909583617,0.9236242875983295,0.8499092486407884,0.8572543238347585
0.525,0.0,0.9653145064567169,0.9648494104453823,0.9999998827933928,0.9999993089560892,0.8788153247428139,0.8704083497623659,0.8379962538101681
0.55,0.0,0.9653034243637889,0.9648538198354852,0.9999993963428604,0.9999996909583623,0.9236242876005579,0.8499092486421813,0.8572543238350548
0.575,0.0,0.9653145064566577,0.9648494104453373,0.9999998827933928,0.9999993089560895,0.8788153247438512,0.870408349762516,0.8379962538093598
0.6,0.0,0.9653034243637545,0.9648538198354625,0.9999993963428607,0.9999996909583624,0.9236242875984338,0.8499092486413203,0.8572543238354593
0.625,0.0,0.9653145064567039,0.9648494104453801,0.9999998827933928,0.9999993089560891,0.8788153247426008,0.8704083497626989,0.8379962538111758
0.65,0.0,0.9653034243637675,0.9648538198355162,0.9999993963428605,0.9999996909583618,0.9236242875989975,0.8499092486410103,0.8572543238355601
0.675,0.0,0.9653145064566668,0.964849410445359,0.999999882793393,0.9999993089560895,0.8788153247438079,0.8704083497620795,0.8379962538105286
0.7,0.0,0.9653034243637225,0.9648538198354795,0.9999993963428606,0.9999996909583622,0.923624287602212,0.8499092486431027,0.8572543238366072
0.725,0.0,0.9653145064566622,0.9648494104453351,0.9999998827933927,0.9999993089560897,0.8788153247396542,0.8704083497629009,0.8379962538118675
0.75,0.0,0.9653034243637957,0.9648538198354878,0.9999993963428605,0.9999996909583623,0.9236242876028361,0.8499092486443278,0.857254323835437
0.775,0.0,0.9653145064567167,0.9648494104453851,0.9999998827933926,0.9999993089560892,0.8788153247409496,0.8704083497636482,0.8379962538104967
0.8,0.0,0.9653034243637787,0.9648538198354928,0.9999993963428601,0.9999996909583623,0.9236242876020466,0.8499092486404918,0.8572543238342789
0.825,0.0,0.9653145064566584,0.9648494104453306,0.9999998827933926,0.9999993089560892,0.8788153247410379,0.8704083497636218,0.8379962538108731
0.85,0.0,0.9653034243637534,0.9648538198354674,0.9999993963428606,0.9999996909583623,0.9236242876021219,0.8499092486425195,0.8572543238354792
0.875,0.0,0.9653145064566969,0.9648494104453853,0.9999998827933927,0.9999993089560898,0.878815324739581,0.8704083497636917,0.8379962538110274
0.9,0.0,0.9653034243637646,0.9648538198355107,0.9999993963428605,0.9999996909583618,0.9236242876017797,0.8499092486414337,0.8572543238336134
0.925,0.0,0.9653145064566651,0.9648494104453476,0.9999998827933925,0.9999993089560895,0.8788153247413742,0.870408349762791,0.8379962538108184
0.95,0.0,0.9653034243637275,0.9648538198354781,0.9999993963428604,0.9999996909583624,0.9236242876017572,0.8499092486419761,0.8572543238359076
0.975,0.0,0.9653145064566783,0.9648494104453266,0.9999998827933928,0.9999993089560899,0.8788153247408496,0.8704083497652055,0.8379962538108648
0.0,0.025,0.9653609825809383,0.9650235462042158,0.999999985725075,0.9999983539467853,0.9653045846179379,0.9189240508300659,0.8411411262546548
0.025,0.025,0.9653445644184951,0.9650167271560619,0.9999988426295019,0.9999999976711584,0.9653258082578697,0.9250138875764718,0.857786812627822
0.05,0.025,0.9653609825808803,0.9650235462041797,0.9999999857250748,0.9999983539467853,0.9653045846178439,0.9189240508313744,0.8411411262546697
0.075,0.025,0.9653445644184905,0.9650167271560128,0.9999988426295018,0.9999999976711583,0.9653258082578591,0.9250138875769186,0.857786812626009
0.1,0.025,0.9653609825809305,0.9650235462041683,0.9999999857250748,0.9999983539467857,0.9653045846179467,0.9189240508305546,0.841141126254644
0.125,0.025,0.9653445644185555,0.9650167271560516,0.999998842629502,0.9999999976711582,0.9653258082579259,0.9250138875776828,0.8577868126277466
0.15,0.025,0.9653609825809437,0.9650235462042209,0.9999999857250748,0.9999983539467848,0.9653045846179151,0.9189240508313006,0.8411411262538403
0.175,0.025,0.9653445644185266,0.9650167271560314,0.999998842629502,0.9999999976711583,0.9653258082579008,0.9250138875762747,0.8577868126267222
0.2,0.025,0.9653609825808988,0.9650235462041802,0.9999999857250746,0.9999983539467854,0.965304584617884,0.918924050832284,0.841141126253756
0.225,0.025,0.9653445644185104,0.9650167271559853,0.999998842629502,0.9999999976711579,0.9653258082578842,0.9250138875762699,0.8577868126267719
0.25,0.025,0.9653609825809508,0.9650235462042084,0.9999999857250751,0.9999983539467852,0.9653045846179334,0.9189240508310889,0.8411411262550215
0.275,0.025,0.9653445644184974,0.9650167271560565,0.9999988426295021,0.9999999976711584,0.9653258082578687,0.9250138875757472,0.8577868126256918
0.3,0.025,0.9653609825808885,0.9650235462041791,0.9999999857250749,0.9999983539467855,0.9653045846178843,0.9189240508322519,0.841141126254248
0.325,0.025,0.9653445644184901,0.9650167271560088,0.9999988426295021,0.9999999976711587,0.9653258082578634,0.9250138875768014,0.8577868126274746
0.35,0.025,0.965360982580929,0.9650235462041622,0.999999985725075,0.9999983539467855,0.965304584617933,0.9189240508292125,0.8411411262529191
0.375,0.025,0.9653445644185623,0.9650167271560635,0.9999988426295019,0.9999999976711579,0.9653258082579345,0.9250138875760683,0.8577868126256883
0.4,0.025,0.9653609825809482,0.9650235462042227,0.9999999857250753,0.9999983539467853,0.9653045846179413,0.9189240508314631,0.8411411262548849
0.425,0.025,0.9653445644185205,0.9650167271560249,0.9999988426295016,0.9999999976711582,0.9653258082578985,0.9250138875764394,0.8577868126280448
0.45,0.025,0.9653609825809245,0.9650235462041861,0.9999999857250746,0.9999983539467845,0.9653045846179218,0.9189240508306308,0.8411411262550286
0.475,0.025,0.9653445644185121,0.9650167271559954,0.9999988426295018,0.9999999976711582,0.9653258082578859,0.9250138875760894,0.8577868126274364
0.5,0.025,0.9653609825809188,0.9650235462042156,0.999999985725075,0.9999983539467854,0.9653045846178809,0.9189240508327202,0.8411411262533836
0.525,0.025,0.9653445644185213,0.9650167271560554,0.9999988426295019,0.9999999976711582,0.9653258082578984,0.925013887575638,0.8577868126276759
0.55,0.025,0.9653609825808808,0.9650235462041944,0.9999999857250754,0.9999983539467852,0.9653045846178502,0.9189240508325337,0.8411411262544437
0.575,0.025,0.9653445644184864,0.9650167271560132,0.9999988426295012,0.9999999976711584,0.9653258082578637,0.9250138875753121,0.8577868126271141
0.6,0.025,0.9653609825809468,0.9650235462041545,0.999999985725075,0.9999983539467848,0.9653045846179422,0.9189240508308056,0.8411411262544763
0.625,0.025,0.9653445644185491,0.9650167271560633,0.9999988426295018,0.9999999976711585,0.9653258082579225,0.9250138875764806,0.8577868126273013
0.65,0.025,0.9653609825809375,0.9650235462042273,0.9999999857250752,0.9999983539467853,0.9653045846178989,0.9189240508319111,0.8411411262543388
0.675,0.025,0.9653445644185181,0.9650167271560123,0.9999988426295014,0.9999999976711587,0.9653258082578932,0.9250138875769494,0.8577868126285609
0.7,0.025,0.9653609825808989,0.9650235462041746,0.9999999857250748,0.9999983539467853,0.9653045846178461,0.9189240508312447,0.84114112625386
0.725,0.025,0.9653445644185311,0.965016727155985,0.9999988426295018,0.9999999976711581,0.9653258082579071,0.9250138875774107,0.8577868126273578
0.75,0.025,0.9653609825809262,0.9650235462042129,0.9999999857250752,0.9999983539467856,0.965304584617916,0.9189240508319947,0.8411411262563396
0.775,0.025,0.9653445644185067,0.9650167271560554,0.9999988426295022,0.9999999976711585,0.9653258082578768,0.9250138875772135,0.8577868126263922
0.8,0.025,0.9653609825808808,0.9650235462041873,0.9999999857250749,0.9999983539467852,0.9653045846178695,0.9189240508309862,0.8411411262538789
0.825,0.025,0.9653445644185026,0.9650167271560112,0.9999988426295011,0.9999999976711583,0.9653258082578767,0.9250138875766282,0.8577868126276008
0.85,0.025,0.96536098258093,0.96502354620416,0.9999999857250749,0.9999983539467852,0.9653045846179095,0.9189240508321345,0.8411411262550285
0.875,0.025,0.9653445644185593,0.9650167271560588,0.9999988426295021,0.9999999976711581,0.9653258082579325,0.9250138875766725,0.8577868126265311
0.9,0.025,0.9653609825809535,0.9650235462042281,0.9999999857250748,0.9999983539467852,0.9653045846179599,0.9189240508309798,0.8411411262546561
0.925,0.025,0.965344564418516,0.965016727156022,0.9999988426295014,0.9999999976711581,0.9653258082578889,0.9250138875757739,0.8577868126263237
0.95,0.025,0.9653609825809308,0.9650235462041774,0.9999999857250752,0.9999983539467849,0.9653045846179475,0.9189240508311648,0.8411411262560395
0.975,0.025,0.9653445644184985,0.9650167271560014,0.9999988426295014,0.9999999976711585,0.9653258082578703,0.925013887578215,0.8577868126288002
