k1,k2,berry_curvature,ideal_g_xx,ideal_g_yy,ideal_g_xy,residual_g_xx,residual_g_yy,residual_g_xy,residual_trace,intrinsic_g_xx,intrinsic_g_yy,intrinsic_g_xy,intrinsic_trace,trace_excess
0.0,0.0,50753.47595954986,25376.73797977493,25376.73797977493,0.0,0.6740953193402637,1.201171290060808,0.8365344196093907,1.8752666094010717,25377.41207509427,25377.93915106499,0.8365344196093907,50755.35122615926,1.8752666094010717
0.025,0.0,50790.89891298988,25395.44945649494,25395.44945649494,0.0,0.13092217923404942,0.8639503608457835,-0.10505822556749561,0.9948725400798328,25395.58037867417,25396.313406855785,-0.10505822556749561,50791.89378552996,0.9948725400798328
0.05,0.0,50753.47595955209,25376.737979776044,25376.737979776044,0.0,0.6740953190923203,1.2011712898541889,0.836534419358878,1.875266608946509,25377.412075095137,25377.939151065897,0.836534419358878,50755.35122616104,1.875266608946509
0.075,0.0,50790.8989129971,25395.44945649855,25395.44945649855,0.0,0.13092217923404942,0.8639503616722611,-0.1050582252811953,0.9948725409063106,25395.580378677783,25396.313406860223,-0.1050582252811953,50791.893785538006,0.9948725409063106
0.1,0.0,50753.475959554344,25376.737979777172,25376.737979777172,0.0,0.6740953192162921,1.201171290474047,0.8365344196451784,1.875266609690339,25377.41207509639,25377.939151067647,0.8365344196451784,50755.351226164035,1.875266609690339
0.125,0.0,50790.89891297977,25395.449456489885,25395.449456489885,0.0,0.13092217960596442,0.8639503619615284,-0.10505822478016975,0.9948725415674928,25395.580378669492,25396.313406851845,-0.10505822478016975,50791.89378552134,0.9948725415674928
0.15,0.0,50753.475959551986,25376.737979775993,25376.737979775993,0.0,0.6740953193402637,1.201171289771541,0.8365344194304531,1.8752666091118046,25377.412075095333,25377.939151065766,0.8365344194304531,50755.351226161096,1.8752666091118046
0.175,0.0,50790.89891298298,25395.44945649149,25395.44945649149,0.0,0.13092217873816273,0.8639503620441763,-0.10505822567485824,0.994872540782339,25395.580378670227,25396.313406853533,-0.10505822567485824,50791.89378552376,0.994872540782339
0.2,0.0,50753.47595957075,25376.737979785376,25376.737979785376,0.0,0.6740953194642354,1.2011712905980187,0.836534419824116,1.8752666100622541,25377.41207510484,25377.939151075974,0.836534419824116,50755.351226180814,1.8752666100622541
0.225,0.0,50790.89891297066,25395.44945648533,25395.44945648533,0.0,0.13092217917206359,0.8639503618582188,-0.10505822542434545,0.9948725410302824,25395.5803786645,25396.313406847188,-0.10505822542434545,50791.89378551169,0.9948725410302824
0.25,0.0,50753.47595956264,25376.73797978132,25376.73797978132,0.0,0.6740953190923203,1.2011712892756543,0.8365344191441527,1.8752666083679745,25377.412075100412,25377.939151070594,0.8365344191441527,50755.351226171006,1.8752666083679745
0.275,0.0,50790.898912974444,25395.449456487222,25395.449456487222,0.0,0.13092217935802108,0.8639503624160914,-0.10505822495910745,0.9948725417741124,25395.58037866658,25396.313406849637,-0.10505822495910745,50791.893785516215,0.9948725417741124
0.3,0.0,50753.47595956124,25376.73797978062,25376.73797978062,0.0,0.6740953193402637,1.2011712913005248,0.8365344200388412,1.8752666106407885,25377.41207509996,25377.93915107192,0.8365344200388412,50755.35122617188,1.8752666106407885
0.325,0.0,50790.898912992976,25395.449456496488,25395.449456496488,0.0,0.13092217923404942,0.863950361796233,-0.10505822517383268,0.9948725410302823,25395.58037867572,25396.313406858284,-0.10505822517383268,50791.893785534005,0.9948725410302823
0.35,0.0,50753.4759595546,25376.7379797773,25376.7379797773,0.0,0.6740953190923203,1.2011712902674276,0.8365344195736033,1.8752666093597479,25377.412075096392,25377.939151067567,0.8365344195736033,50755.351226163955,1.8752666093597479
0.375,0.0,50790.898912985394,25395.449456492697,25395.449456492697,0.0,0.13092217935802108,0.8639503619202046,-0.10505822495910745,0.9948725412782257,25395.580378672053,25396.313406854617,-0.10505822495910745,50791.89378552667,0.9948725412782257
0.4,0.0,50753.475959550124,25376.737979775062,25376.737979775062,0.0,0.674095319588207,1.2011712912178771,0.8365344202535664,1.8752666108060843,25377.41207509465,25377.93915106628,0.8365344202535664,50755.35122616093,1.8752666108060843
0.425,0.0,50790.898912996396,25395.449456498198,25395.449456498198,0.0,0.13092217917206359,0.8639503616102754,-0.1050582252811953,0.994872540782339,25395.58037867737,25396.31340685981,-0.1050582252811953,50791.89378553718,0.994872540782339
0.45,0.0,50753.47595954692,25376.73797977346,25376.73797977346,0.0,0.6740953198981362,1.2011712909905956,0.836534420432504,1.875266610888732,25377.412075093358,25377.939151064453,0.836534420432504,50755.351226157814,1.875266610888732
0.475,0.0,50790.89891299796,25395.44945649898,25395.44945649898,0.0,0.13092217911007775,0.863950360680488,-0.10505822567485823,0.9948725397905658,25395.58037867809,25396.31340685966,-0.10505822567485823,50791.89378553775,0.9948725397905658
0.5,0.0,50753.47595954418,25376.73797977209,25376.73797977209,0.0,0.6740953194642354,1.2011712905153709,0.8365344196809659,1.8752666099796063,25377.412075091554,25377.939151062605,0.8365344196809659,50755.35122615416,1.8752666099796063
0.525,0.0,50790.898912983015,25395.449456491508,25395.449456491508,0.0,0.13092217972993608,0.8639503617135853,-0.10505822460123208,0.9948725414435213,25395.58037867124,25396.31340685322,-0.10505822460123208,50791.89378552446,0.9948725414435213
0.55,0.0,50753.47595955162,25376.73797977581,25376.73797977581,0.0,0.6740953192782779,1.201171290412061,0.8365344197525408,1.875266609690339,25377.41207509509,25377.939151066224,0.8365344197525408,50755.351226161314,1.875266609690339
0.575,0.0,50790.89891296917,25395.449456484585,25395.449456484585,0.0,0.13092217873816273,0.8639503619615285,-0.105058225460133,0.9948725406996912,25395.580378663322,25396.313406846544,-0.105058225460133,50791.89378550987,0.9948725406996912
0.6,0.0,50753.47595953331,25376.737979766654,25376.737979766654,0.0,0.6740953199601221,1.2011712910112577,0.8365344205398668,1.8752666109713798,25377.412075086613,25377.939151057664,0.8365344205398668,50755.35122614428,1.8752666109713798
0.625,0.0,50790.8989129824,25395.4494564912,25395.4494564912,0.0,0.13092217960596442,0.8639503617962329,-0.10505822485174486,0.9948725414021973,25395.580378670806,25396.313406852994,-0.10505822485174486,50791.8937855238,0.9948725414021973
0.65,0.0,50753.475959561896,25376.737979780948,25376.737979780948,0.0,0.6740953195262213,1.2011712911145673,0.8365344201462038,1.8752666106407885,25377.412075100474,25377.939151072063,0.8365344201462038,50755.351226172534,1.8752666106407885
0.675,0.0,50790.89891297491,25395.449456487455,25395.449456487455,0.0,0.13092217898610606,0.8639503618375568,-0.10505822535277037,0.9948725408236628,25395.58037866644,25396.31340684929,-0.10505822535277037,50791.893785515735,0.9948725408236628
0.7,0.0,50753.475959565876,25376.737979782938,25376.737979782938,0.0,0.6740953192162921,1.201171290060808,0.8365344197167535,1.8752666092771002,25377.412075102155,25377.939151073,0.8365344197167535,50755.35122617515,1.8752666092771002
0.725,0.0,50790.89891299277,25395.449456496386,25395.449456496386,0.0,0.13092217948199278,0.8639503619615283,-0.10505822474438223,0.9948725414435211,25395.58037867587,25396.313406858346,-0.10505822474438223,50791.893785534216,0.9948725414435211
0.75,0.0,50753.47595956426,25376.73797978213,25376.73797978213,0.0,0.6740953192162921,1.2011712904327232,0.8365344196093909,1.8752666096490151,25377.412075101347,25377.93915107256,0.8365344196093909,50755.35122617391,1.8752666096490151
0.775,0.0,50790.898912988276,25395.449456494138,25395.449456494138,0.0,0.13092217911007775,0.8639503614243179,-0.10505822538855794,0.9948725405343957,25395.580378673247,25396.313406855563,-0.10505822538855794,50791.89378552881,0.9948725405343957
0.8,0.0,50753.47595954613,25376.737979773065,25376.737979773065,0.0,0.6740953191543062,1.2011712892136683,0.8365344192515154,1.8752666083679745,25377.41207509222,25377.939151062277,0.8365344192515154,50755.3512261545,1.8752666083679745
0.825,0.0,50790.89891298311,25395.449456491555,25395.449456491555,0.0,0.13092217935802108,0.8639503612590222,-0.1050582252454078,0.9948725406170433,25395.58037867091,25396.313406852812,-0.1050582252454078,50791.89378552372,0.9948725406170433
0.85,0.0,50753.47595955564,25376.73797977782,25376.73797977782,0.0,0.674095319588207,1.201171290474047,0.836534419895691,1.875266610062254,25377.412075097407,25377.939151068294,0.836534419895691,50755.3512261657,1.875266610062254
0.875,0.0,50790.8989129845,25395.44945649225,25395.44945649225,0.0,0.13092217898610606,0.8639503611350506,-0.10505822581800842,0.9948725401211567,25395.580378671235,25396.313406853384,-0.10505822581800842,50791.89378552462,0.9948725401211567
0.9,0.0,50753.47595953852,25376.73797976926,25376.73797976926,0.0,0.6740953194642354,1.2011712907633143,0.8365344201104163,1.8752666102275497,25377.412075088723,25377.93915106002,0.8365344201104163,50755.35122614875,1.8752666102275497
0.925,0.0,50790.898912986406,25395.449456493203,25395.449456493203,0.0,0.13092217898610606,0.8639503618375568,-0.10505822535277037,0.9948725408236628,25395.580378672188,25396.31340685504,-0.10505822535277037,50791.89378552723,0.9948725408236628
0.95,0.0,50753.47595955044,25376.73797977522,25376.73797977522,0.0,0.6740953198361505,1.2011712915071442,0.8365344205040792,1.8752666113432945,25377.412075095053,25377.939151066726,0.8365344205040792,50755.35122616178,1.8752666113432945
0.975,0.0,50790.89891296734,25395.44945648367,25395.44945648367,0.0,0.13092217929603525,0.8639503619821906,-0.10505822506647007,0.9948725412782258,25395.580378662966,25396.313406845653,-0.10505822506647007,50791.89378550862,0.9948725412782258
0.0,0.025,50487.634820247375,25243.817410123687,25243.817410123687,0.0,0.01595104238465092,2.9035248799695017,0.3969686157144148,2.9194759223541524,25243.83336116607,25246.720935003657,0.3969686157144148,50490.55429616973,2.9194759223541524
0.025,0.025,50503.638797231135,25251.819398615567,25251.819398615567,0.0,1.2923337991449928,0.16086631004244603,0.5093699807625518,1.453200109187439,25253.111732414713,25251.98026492561,0.5093699807625518,50505.09199734032,1.453200109187439
0.05,0.025,50487.63482023013,25243.817410115065,25243.817410115065,0.0,0.01595104244663676,2.9035248797008957,0.39696861549968954,2.9194759221475324,25243.83336115751,25246.720934994766,0.39696861549968954,50490.55429615228,2.9194759221475324
0.075,0.025,50503.63879722126,25251.81939861063,25251.81939861063,0.0,1.2923337997648512,0.16086631008376984,0.5093699814783026,1.4532001098486211,25253.111732410394,25251.980264920716,0.5093699814783026,50505.09199733111,1.4532001098486211
0.1,0.025,50487.634820237385,25243.817410118692,25243.817410118692,0.0,0.015951042632594267,2.9035248803000924,0.3969686160007151,2.9194759229326865,25243.833361161323,25246.720934998993,0.3969686160007151,50490.55429616032,2.9194759229326865
0.125,0.025,50503.638797225096,25251.819398612548,25251.819398612548,0.0,1.2923337992689645,0.16086630950523548,0.5093699808341268,1.4532001087742,25253.111732411817,25251.980264922055,0.5093699808341268,50505.09199733387,1.4532001087742
0.15,0.025,50487.63482023122,25243.81741011561,25243.81741011561,0.0,0.015951042198693414,2.903524879122362,0.39696861514181414,2.9194759213210553,25243.83336115781,25246.720934994733,0.39696861514181414,50490.55429615254,2.9194759213210553
0.175,0.025,50503.6387972102,25251.8193986051,25251.8193986051,0.0,1.2923337996408795,0.16086631049700875,0.5093699817288154,1.4532001101378882,25253.11173240474,25251.980264915597,0.5093699817288154,50505.09199732034,1.4532001101378882
0.2,0.025,50487.63482024807,25243.817410124037,25243.817410124037,0.0,0.01595104244663676,2.903524878915742,0.39696861524917676,2.9194759213623787,25243.833361166482,25246.72093500295,0.39696861524917676,50490.55429616944,2.9194759213623787
0.225,0.025,50503.63879721099,25251.819398605494,25251.819398605494,0.0,1.2923337988970494,0.16086630942258767,0.5093699806551891,1.453200108319637,25253.11173240439,25251.980264914917,0.5093699806551891,50505.09199731931,1.453200108319637
0.25,0.025,50487.63482024964,25243.81741012482,25243.81741012482,0.0,0.015951042322665088,2.9035248786264747,0.3969686151060266,2.91947592094914,25243.83336116714,25246.720935003446,0.3969686151060266,50490.55429617059,2.91947592094914
0.275,0.025,50503.638797204425,25251.819398602212,25251.819398602212,0.0,1.292333799392936,0.1608663097945027,0.5093699814067274,1.4532001091874387,25253.111732401605,25251.980264912007,0.5093699814067274,50505.09199731361,1.4532001091874387
0.3,0.025,50487.634820239444,25243.817410119722,25243.817410119722,0.0,0.015951042322665088,2.9035248790397135,0.39696861524917676,2.9194759213623787,25243.833361162044,25246.72093499876,0.39696861524917676,50490.55429616081,2.9194759213623787
0.325,0.025,50503.638797214655,25251.819398607327,25251.819398607327,0.0,1.2923337984631484,0.16086630915398234,0.5093699800825886,1.4532001076171308,25253.111732405792,25251.98026491648,0.5093699800825886,50505.09199732227,1.4532001076171308
0.35,0.025,50487.634820221996,25243.817410110998,25243.817410110998,0.0,0.015951042136707578,2.9035248773247724,0.3969686146407886,2.91947591946148,25243.833361153134,25246.720934988323,0.3969686146407886,50490.554296141454,2.91947591946148
0.375,0.025,50503.63879722612,25251.81939861306,25251.81939861306,0.0,1.292333799392936,0.1608663088440532,0.5093699807983393,1.4532001082369892,25253.111732412453,25251.980264921905,0.5093699807983393,50505.091997334355,1.4532001082369892
0.4,0.025,50487.6348202322,25243.8174101161,25243.8174101161,0.0,0.01595104244663676,2.9035248795769246,0.39696861567862723,2.9194759220235613,25243.833361158544,25246.720934995676,0.39696861567862723,50490.55429615422,2.9194759220235613
0.425,0.025,50503.638797225365,25251.819398612683,25251.819398612683,0.0,1.2923337991449928,0.160866310042446,0.5093699811204273,1.453200109187439,25253.111732411828,25251.980264922724,0.5093699811204273,50505.09199733455,1.453200109187439
0.45,0.025,50487.63482022063,25243.817410110314,25243.817410110314,0.0,0.015951042322665088,2.903524878502503,0.3969686152849643,2.9194759208251684,25243.833361152636,25246.720934988818,0.3969686152849643,50490.554296141454,2.9194759208251684
0.475,0.025,50503.638797229956,25251.819398614978,25251.819398614978,0.0,1.292333799392936,0.1608663100837699,0.5093699812993648,1.453200109476706,25253.11173241437,25251.980264925063,0.5093699812993648,50505.091997339434,1.453200109476706
0.5,0.025,50487.634820213636,25243.817410106818,25243.817410106818,0.0,0.015951042508622594,2.9035248786884607,0.3969686153565394,2.9194759211970833,25243.833361149325,25246.720934985507,0.3969686153565394,50490.55429613483,2.9194759211970833
0.525,0.025,50503.63879724151,25251.819398620755,25251.819398620755,0.0,1.292333799392936,0.1608663106623044,0.509369981442515,1.4532001100552403,25253.111732420148,25251.98026493142,0.509369981442515,50505.09199735156,1.4532001100552403
0.55,0.025,50487.63482024073,25243.817410120366,25243.817410120366,0.0,0.01595104238465092,2.9035248800521494,0.3969686155712646,2.9194759224368,25243.83336116275,25246.72093500042,0.3969686155712646,50490.554296163165,2.9194759224368
0.575,0.025,50503.63879722731,25251.819398613654,25251.819398613654,0.0,1.2923337995169077,0.16086630979450267,0.5093699811562148,1.4532001093114104,25253.11173241317,25251.980264923448,0.5093699811562148,50505.09199733662,1.4532001093114104
0.6,0.025,50487.634820240106,25243.817410120053,25243.817410120053,0.0,0.01595104244663676,2.9035248796182485,0.3969686156428397,2.919475922064885,25243.8333611625,25246.72093499967,0.3969686156428397,50490.55429616217,2.919475922064885
0.625,0.025,50503.638797241845,25251.819398620923,25251.819398620923,0.0,1.2923337986491061,0.16086630909199656,0.5093699799394384,1.4532001077411028,25253.111732419573,25251.980264930015,0.5093699799394384,50505.091997349584,1.4532001077411028
0.65,0.025,50487.634820237305,25243.817410118652,25243.817410118652,0.0,0.015951042818551774,2.9035248807339937,0.3969686161438652,2.9194759235525454,25243.833361161473,25246.720934999386,0.3969686161438652,50490.55429616086,2.9194759235525454
0.675,0.025,50503.63879720845,25251.819398604224,25251.819398604224,0.0,1.2923337988970494,0.16086630917464434,0.509369980512039,1.4532001080716936,25253.111732403122,25251.9802649134,0.509369980512039,50505.09199731652,1.4532001080716936
0.7,0.025,50487.63482023874,25243.81741011937,25243.81741011937,0.0,0.01595104244663676,2.9035248790810377,0.3969686155354771,2.9194759215276744,25243.833361161815,25246.72093499845,0.3969686155354771,50490.55429616026,2.9194759215276744
0.725,0.025,50503.63879722169,25251.819398610845,25251.819398610845,0.0,1.2923337991449928,0.16086630909199653,0.5093699807983394,1.4532001082369894,25253.11173240999,25251.980264919937,0.5093699807983394,50505.091997329924,1.4532001082369894
0.75,0.025,50487.63482021407,25243.817410107036,25243.817410107036,0.0,0.015951042322665088,2.9035248790810377,0.3969686152849643,2.919475921403703,25243.833361149358,25246.72093498612,0.3969686152849643,50490.55429613547,2.919475921403703
0.775,0.025,50503.638797215935,25251.819398607968,25251.819398607968,0.0,1.2923337992689645,0.16086630946391156,0.5093699806551891,1.453200108732876,25253.111732407237,25251.98026491743,0.5093699806551891,50505.09199732467,1.453200108732876
0.8,0.025,50487.634820239124,25243.817410119562,25243.817410119562,0.0,0.015951042508622594,2.9035248791843475,0.39696861542811446,2.91947592169297,25243.83336116207,25246.720934998746,0.39696861542811446,50490.554296160815,2.91947592169297
0.825,0.025,50503.6387972282,25251.8193986141,25251.8193986141,0.0,1.292333799392936,0.16086630892670098,0.5093699808699144,1.453200108319637,25253.111732413494,25251.98026492303,0.5093699808699144,50505.09199733652,1.453200108319637
0.85,0.025,50487.63482022785,25243.817410113927,25243.817410113927,0.0,0.01595104238465092,2.9035248780686023,0.39696861471236367,2.919475920453253,25243.83336115631,25246.720934991994,0.39696861471236367,50490.55429614831,2.919475920453253
0.875,0.025,50503.638797220905,25251.819398610452,25251.819398610452,0.0,1.292333799392936,0.1608663109928955,0.5093699813709399,1.4532001103858314,25253.111732409845,25251.980264921447,0.5093699813709399,50505.09199733129,1.4532001103858314
0.9,0.025,50487.634820223284,25243.817410111642,25243.817410111642,0.0,0.01595104257060843,2.9035248798661915,0.3969686158217774,2.9194759224368,25243.83336115421,25246.720934991507,0.3969686158217774,50490.55429614572,2.9194759224368
0.925,0.025,50503.638797238986,25251.819398619493,25251.819398619493,0.0,1.2923337985251344,0.16086630776963204,0.5093699798320758,1.4532001062947664,25253.11173241802,25251.980264927264,0.5093699798320758,50505.091997345284,1.4532001062947664
0.95,0.025,50487.63482024287,25243.817410121435,25243.817410121435,0.0,0.015951042818551774,2.90352487974222,0.3969686157144148,2.9194759225607716,25243.833361164256,25246.720935001176,0.3969686157144148,50490.55429616543,2.9194759225607716
0.975,0.025,50503.63879722255,25251.819398611275,25251.819398611275,0.0,1.2923337992689645,0.16086630905067265,0.5093699808699144,1.453200108319637,25253.111732410543,25251.980264920327,0.5093699808699144,50505.09199733087,1.453200108319637
